TSLA,9/12/24,229.81,0.4455,0.5545,0.37988549,20433.21043276,7.0627,2.2200,0.57612,-0.2240,0.5000,0.5000
TSLA,9/13/24,230.29,0.5000,0.5000,0.00000000,0.00000000,6.8321,5.8610,0.67957,0.0000,0.5000,0.5000
TSLA,9/16/24,226.78,0.5358,0.4642,0.09861229,1384.72192023,7.0226,6.1270,0.69293,-0.0606,0.6139,0.3861
TSLA,9/17/24,227.87,0.5000,0.5000,0.00000000,0.00000000,6.8321,5.8610,0.67957,0.0000,0.5000,0.5000
TSLA,9/18/24,227.2,0.5210,0.4790,0.03407377,168.31959595,6.8977,5.7817,0.68420,-0.0208,0.4238,0.5762
TSLA,9/19/24,243.92,0.5000,0.5000,0.00000000,0.00000000,6.8321,5.8610,0.67957,0.0000,0.5000,0.5000
TSLA,9/20/24,238.25,0.5149,0.4851,0.01719690,43.07704632,6.8652,5.7354,0.68191,-0.0105,0.4700,0.5300
TSLA,9/23/24,250,0.5000,0.5000,0.00000000,0.00000000,6.8321,5.8610,0.67957,0.0000,0.5000,0.5000
TSLA,9/24/24,254.27,0.5115,0.4885,0.01035724,15.65551268,6.8521,5.7337,0.68098,-0.0063,0.4838,0.5162
TSLA,9/25/24,257.02,0.5210,0.4790,0.03407377,168.31959595,6.8977,5.7817,0.68420,-0.0208,0.5898,0.4102
TSLA,9/26/24,254.22,0.5289,0.4711,0.06460812,600.02967198,6.9567,5.9255,0.68833,-0.0395,0.6556,0.3444
TSLA,9/27/24,260.46,0.5174,0.4826,0.02350215,80.31444172,6.8774,5.7479,0.68276,-0.0143,0.4656,0.5344
TSLA,9/30/24,261.63,0.5243,0.4757,0.04570365,301.84658843,6.9201,5.8304,0.68577,-0.0279,0.4330,0.5670
TSLA,10/1/24,258.02,0.5304,0.4696,0.07120557,727.49523148,6.9694,5.9621,0.68923,-0.0436,0.6762,0.3238
TSLA,10/2/24,249.02,0.5210,0.4790,0.03407377,168.31959595,6.8977,5.7817,0.68420,-0.0208,0.4518,0.5482
TSLA,10/3/24,240.66,0.5130,0.4870,0.01313189,25.14753808,6.8574,5.7324,0.68135,-0.0080,0.2623,0.7377
TSLA,10/4/24,250.08,0.5061,0.4939,0.00288891,1.22055617,6.8377,5.7676,0.67996,-0.0018,0.3564,0.6436
TSLA,10/7/24,240.83,0.5115,0.4885,0.01035724,15.65551268,6.8521,5.7337,0.68098,-0.0063,0.4860,0.5140
TSLA,10/8/24,244.5,0.5054,0.4946,0.00231186,0.78178081,6.8366,5.7746,0.67988,-0.0014,0.4969,0.5031
TSLA,10/9/24,241.05,0.5104,0.4896,0.00837865,10.25104337,6.8482,5.7371,0.68071,-0.0051,0.4889,0.5111
TSLA,10/10/24,238.77,0.5049,0.4951,0.00189196,0.52364546,6.8358,5.7808,0.67983,-0.0011,0.4975,0.5025
TSLA,10/11/24,217.8,0.5000,0.5000,0.00000000,0.00000000,6.8321,5.8610,0.67957,0.0000,0.4482,0.5518
TSLA,10/14/24,219.16,0.4955,0.5045,-0.00157691,0.36380146,6.8352,5.9696,0.67978,-0.0010,0.4980,0.5020
TSLA,10/15/24,219.57,0.5000,0.5000,0.00000000,0.00000000,6.8321,5.8610,0.67957,0.0000,0.5000,0.5000
TSLA,10/16/24,221.33,0.5041,0.4959,0.00133449,0.26056074,6.8347,5.7910,0.67975,-0.0008,0.4983,0.5017
TSLA,10/17/24,220.89,0.5080,0.4920,0.00494679,3.57672597,6.8416,5.7507,0.68024,-0.0030,0.5365,0.4635
TSLA,10/18/24,220.7,0.5038,0.4962,0.00114397,0.19148292,6.8343,5.7952,0.67973,-0.0007,0.4985,0.5015
TSLA,10/21/24,218.85,0.5000,0.5000,0.00000000,0.00000000,6.8321,5.8610,0.67957,0.0000,0.4606,0.5394
TSLA,10/22/24,217.97,0.4964,0.5036,-0.00099152,0.14385533,6.8340,5.9442,0.67971,-0.0006,0.4987,0.5013
TSLA,10/23/24,213.65,0.4931,0.5069,-0.00371262,2.01535234,6.8393,6.0420,0.68008,-0.0023,0.5318,0.4682
TSLA,10/24/24,260.48,0.4900,0.5100,-0.00784410,8.98610270,6.8472,6.1521,0.68064,-0.0048,0.5605,0.4395
TSLA,10/25/24,269.19,0.4935,0.5065,-0.00326209,1.55610106,6.8384,6.0282,0.68001,-0.0020,0.4959,0.5041
TSLA,10/28/24,262.51,0.4969,0.5031,-0.00076561,0.08577539,6.8336,5.9330,0.67967,-0.0005,0.4334,0.5666
TSLA,10/29/24,259.52,0.4939,0.5061,-0.00288891,1.22055617,6.8377,6.0163,0.67996,-0.0018,0.4964,0.5036
TSLA,10/30/24,257.55,0.4911,0.5089,-0.00614686,5.52077155,6.8440,6.1095,0.68041,-0.0037,0.5539,0.4461
TSLA,10/31/24,249.85,0.4885,0.5115,-0.01035724,15.65551268,6.8521,6.2112,0.68098,-0.0063,0.5767,0.4233
TSLA,11/1/24,248.98,0.4859,0.5141,-0.01536990,34.42787948,6.8617,6.3205,0.68166,-0.0093,0.5970,0.4030
TSLA,11/4/24,242.84,0.4835,0.5165,-0.02106021,64.53581255,6.8727,6.4365,0.68243,-0.0128,0.6151,0.3849
TSLA,11/5/24,251.44,0.4812,0.5188,-0.02732401,108.44336429,6.8847,6.5585,0.68328,-0.0166,0.6314,0.3686
TSLA,11/6/24,288.53,0.4844,0.5156,-0.01898140,52.45476721,6.8687,6.3948,0.68215,-0.0115,0.4760,0.5240
TSLA,11/7/24,296.91,0.4873,0.5127,-0.01249398,22.76774704,6.8562,6.2589,0.68127,-0.0076,0.3312,0.6688
TSLA,11/8/24,321.22,0.4901,0.5099,-0.00759583,8.42688006,6.8467,6.1460,0.68060,-0.0046,0.3653,0.6347
TSLA,11/11/24,350,0.4928,0.5072,-0.00406694,2.41814950,6.8400,6.0525,0.68012,-0.0025,0.3968,0.6032
TSLA,11/12/24,328.49,0.4953,0.5047,-0.00172369,0.43466002,6.8354,5.9753,0.67980,-0.0010,0.4259,0.5741
TSLA,11/13/24,330.24,0.4931,0.5069,-0.00371262,2.01535234,6.8393,6.0420,0.68008,-0.0023,0.4954,0.5046
TSLA,11/14/24,311.18,0.4955,0.5045,-0.00157691,0.36380146,6.8352,5.9696,0.67978,-0.0010,0.4980,0.5020
TSLA,11/15/24,320.72,0.4934,0.5066,-0.00340269,1.69306332,6.8387,6.0326,0.68003,-0.0021,0.4958,0.5042
TSLA,11/18/24,338.74,0.4957,0.5043,-0.00144812,0.30681324,6.8349,5.9643,0.67977,-0.0009,0.4982,0.5018
TSLA,11/19/24,346,0.4979,0.5021,-0.00034716,0.01763802,6.8328,5.9077,0.67962,-0.0002,0.4568,0.5432
TSLA,11/20/24,342.03,0.5000,0.5000,0.00000000,0.00000000,6.8321,5.8610,0.67957,0.0000,0.4790,0.5210
TSLA,11/21/24,339.64,0.4980,0.5020,-0.00032046,0.01502940,6.8327,5.9057,0.67961,-0.0002,0.4996,0.5004
TSLA,11/22/24,352.56,0.4960,0.5040,-0.00123373,0.22270565,6.8345,5.9553,0.67974,-0.0007,0.5186,0.4814
TSLA,11/25/24,338.59,0.4980,0.5020,-0.00029672,0.01288571,6.8327,5.9039,0.67961,-0.0002,0.4996,0.5004
TSLA,11/26/24,338.23,0.4962,0.5038,-0.00114397,0.19148292,6.8343,5.9513,0.67973,-0.0007,0.4986,0.5014
TSLA,11/27/24,332.89,0.4944,0.5056,-0.00248333,0.90200546,6.8369,6.0028,0.67991,-0.0015,0.5348,0.4652
TSLA,11/29/24,345.16,0.4926,0.5074,-0.00426346,2.65733484,6.8403,6.0582,0.68015,-0.0026,0.5506,0.4494
TSLA,12/2/24,357.09,0.4946,0.5054,-0.00231186,0.78178081,6.8366,5.9969,0.67988,-0.0014,0.4972,0.5028
TSLA,12/3/24,351.42,0.4964,0.5036,-0.00099152,0.14385533,6.8340,5.9442,0.67971,-0.0006,0.4451,0.5549
TSLA,12/4/24,357.93,0.4947,0.5053,-0.00215757,0.68093937,6.8363,5.9915,0.67986,-0.0013,0.4974,0.5026
TSLA,12/5/24,369.49,0.4966,0.5034,-0.00092648,0.12560424,6.8339,5.9411,0.67970,-0.0006,0.4989,0.5011
TSLA,12/6/24,389.22,0.4983,0.5017,-0.00022399,0.00734278,6.8326,5.8979,0.67960,-0.0001,0.4658,0.5342
TSLA,12/9/24,389.79,0.5000,0.5000,0.00000000,0.00000000,6.8321,5.8610,0.67957,0.0000,0.4833,0.5167
TSLA,12/10/24,400.99,0.5016,0.4984,0.00020999,0.00645374,6.8325,5.8299,0.67960,-0.0001,0.4997,0.5003
TSLA,12/11/24,424.77,0.5032,0.4968,0.00081423,0.09701524,6.8337,5.8039,0.67968,-0.0005,0.5152,0.4848
TSLA,12/12/24,418.1,0.5048,0.4952,0.00177719,0.46205702,6.8356,5.7827,0.67981,-0.0011,0.5296,0.4704
TSLA,12/13/24,436.23,0.5031,0.4969,0.00076561,0.08577539,6.8336,5.8054,0.67967,-0.0005,0.4991,0.5009
TSLA,12/16/24,463.02,0.5046,0.4954,0.00167256,0.40926416,6.8354,5.7845,0.67980,-0.0010,0.4980,0.5020
TSLA,12/17/24,479.86,0.5061,0.4939,0.00288891,1.22055617,6.8377,5.7676,0.67996,-0.0018,0.5420,0.4580
TSLA,12/18/24,440.13,0.5075,0.4925,0.00438828,2.81512061,6.8406,5.7543,0.68017,-0.0027,0.5544,0.4456
TSLA,12/19/24,436.17,0.5059,0.4941,0.00272590,1.08674963,6.8374,5.7694,0.67994,-0.0017,0.4967,0.5033
TSLA,12/20/24,421.06,0.5044,0.4956,0.00148924,0.32448064,6.8350,5.7879,0.67977,-0.0009,0.4403,0.5597
TSLA,12/23/24,430.6,0.5029,0.4971,0.00064327,0.06055563,6.8334,5.8095,0.67966,-0.0004,0.4564,0.5436
TSLA,12/24/24,462.28,0.5043,0.4957,0.00140868,0.29033224,6.8348,5.7895,0.67976,-0.0009,0.4983,0.5017
TSLA,12/26/24,454.13,0.5056,0.4944,0.00243872,0.86989803,6.8368,5.7729,0.67990,-0.0015,0.5387,0.4613
TSLA,12/27/24,431.66,0.5041,0.4959,0.00133449,0.26056074,6.8347,5.7910,0.67975,-0.0008,0.4984,0.5016
TSLA,12/30/24,417.41,0.5027,0.4973,0.00057732,0.04877543,6.8332,5.8118,0.67965,-0.0004,0.4588,0.5412
TSLA,12/31/24,403.84,0.5013,0.4987,0.00014056,0.00289188,6.8324,5.8352,0.67959,-0.0001,0.4732,0.5268
TSLA,1/2/25,379.28,0.5000,0.5000,0.00000000,0.00000000,6.8321,5.8610,0.67957,0.0000,0.4869,0.5131
TSLA,1/3/25,410.44,0.4987,0.5013,-0.00013354,0.00260995,6.8324,5.8891,0.67959,-0.0001,0.4998,0.5002
TSLA,1/6/25,411.05,0.5000,0.5000,0.00000000,0.00000000,6.8321,5.8610,0.67957,0.0000,0.5000,0.5000
TSLA,1/7/25,394.36,0.5013,0.4987,0.00012702,0.00236155,6.8324,5.8364,0.67959,-0.0001,0.4998,0.5002
TSLA,1/8/25,394.94,0.5000,0.5000,0.00000000,0.00000000,6.8321,5.8610,0.67957,0.0000,0.5000,0.5000
TSLA,1/10/25,394.74,0.5012,0.4988,0.00012098,0.00214201,6.8324,5.8370,0.67959,-0.0001,0.4999,0.5001
TSLA,1/13/25,403.31,0.5000,0.5000,0.00000000,0.00000000,6.8321,5.8610,0.67957,0.0000,0.5000,0.5000
TSLA,1/14/25,396.36,0.5012,0.4988,0.00011535,0.00194740,6.8324,5.8375,0.67959,-0.0001,0.4999,0.5001
TSLA,1/15/25,428.22,0.5000,0.5000,0.00000000,0.00000000,6.8321,5.8610,0.67957,0.0000,0.5000,0.5000
TSLA,1/16/25,413.82,0.5012,0.4988,0.00011011,0.00177440,6.8323,5.8380,0.67959,-0.0001,0.4999,0.5001
TSLA,1/17/25,426.5,0.5000,0.5000,0.00000000,0.00000000,6.8321,5.8610,0.67957,0.0000,0.5000,0.5000
TSLA,1/21/25,424.07,0.5012,0.4988,0.00010521,0.00162020,6.8323,5.8385,0.67958,-0.0001,0.4999,0.5001
TSLA,1/22/25,415.11,0.5000,0.5000,0.00000000,0.00000000,6.8321,5.8610,0.67957,0.0000,0.5000,0.5000
TSLA,1/23/25,412.38,0.4989,0.5011,-0.00010064,0.00148238,6.8323,5.8852,0.67958,-0.0001,0.4999,0.5001
TSLA,1/24/25,406.58,0.4978,0.5022,-0.00039393,0.02271033,6.8329,5.9110,0.67962,-0.0002,0.5106,0.4894
TSLA,1/27/25,397.15,0.4967,0.5033,-0.00086764,0.11015814,6.8338,5.9382,0.67969,-0.0005,0.5208,0.4792
TSLA,1/28/25,398.09,0.4956,0.5044,-0.00151046,0.33379134,6.8350,5.9669,0.67978,-0.0009,0.5307,0.4693
TSLA,1/29/25,389.1,0.4967,0.5033,-0.00083147,0.10116681,6.8337,5.9364,0.67968,-0.0005,0.4990,0.5010
TSLA,1/30/25,400.28,0.4957,0.5043,-0.00144812,0.30681324,6.8349,5.9643,0.67977,-0.0009,0.4982,0.5018
TSLA,1/31/25,404.6,0.4968,0.5032,-0.00079752,0.09307447,6.8337,5.9347,0.67968,-0.0005,0.4990,0.5010
TSLA,2/3/25,383.68,0.4979,0.5021,-0.00034716,0.01763802,6.8328,5.9077,0.67962,-0.0002,0.4685,0.5315
TSLA,2/4/25,392.21,0.4969,0.5031,-0.00076561,0.08577539,6.8336,5.9330,0.67967,-0.0005,0.4991,0.5009
TSLA,2/5/25,378.17,0.4979,0.5021,-0.00033341,0.01626852,6.8328,5.9067,0.67962,-0.0002,0.4996,0.5004
TSLA,2/6/25,374.32,0.4969,0.5031,-0.00073557,0.07917804,6.8335,5.9314,0.67967,-0.0004,0.4991,0.5009
TSLA,2/7/25,361.62,0.4959,0.5041,-0.00128262,0.24070519,6.8346,5.9574,0.67974,-0.0008,0.5283,0.4717
TSLA,2/10/25,350.73,0.4950,0.5050,-0.00196624,0.56555956,6.8359,5.9845,0.67984,-0.0012,0.5370,0.4630
TSLA,2/11/25,328.5,0.4940,0.5060,-0.00277867,1.12921482,6.8375,6.0127,0.67995,-0.0017,0.5454,0.4546
TSLA,2/12/25,336.51,0.4931,0.5069,-0.00371262,2.01535234,6.8393,6.0420,0.68008,-0.0023,0.5535,0.4465
TSLA,2/13/25,355.94,0.4941,0.5059,-0.00267462,1.04626250,6.8373,6.0093,0.67993,-0.0016,0.4968,0.5032
TSLA,2/14/25,355.84,0.4952,0.5048,-0.00182181,0.48554394,6.8356,5.9791,0.67982,-0.0011,0.4410,0.5590
TSLA,2/18/25,354.11,0.4943,0.5057,-0.00257631,0.97079118,6.8371,6.0060,0.67992,-0.0016,0.4969,0.5031
TSLA,2/19/25,360.56,0.4934,0.5066,-0.00344454,1.73493896,6.8388,6.0339,0.68004,-0.0021,0.5516,0.4484
TSLA,2/20/25,354.4,0.4944,0.5056,-0.00248333,0.90200546,6.8369,6.0028,0.67991,-0.0015,0.4970,0.5030
TSLA,2/21/25,337.8,0.4935,0.5065,-0.00332126,1.61303584,6.8385,6.0301,0.68002,-0.0020,0.4960,0.5040
TSLA,2/24/25,330.53,0.4926,0.5074,-0.00426346,2.65733484,6.8403,6.0582,0.68015,-0.0026,0.5582,0.4418
TSLA,2/25/25,302.8,0.4917,0.5083,-0.00530443,4.11218526,6.8423,6.0872,0.68029,-0.0032,0.5653,0.4347
TSLA,2/26/25,290.8,0.4909,0.5091,-0.00643901,6.05753601,6.8445,6.1170,0.68045,-0.0039,0.5722,0.4278
TSLA,2/27/25,281.95,0.4901,0.5099,-0.00766236,8.57497041,6.8469,6.1477,0.68061,-0.0047,0.5788,0.4212
TSLA,2/28/25,292.98,0.4893,0.5107,-0.00896987,11.74683584,6.8494,6.1791,0.68079,-0.0054,0.5852,0.4148
TSLA,3/3/25,284.65,0.4903,0.5097,-0.00740139,8.00139713,6.8464,6.1412,0.68058,-0.0045,0.4910,0.5090
TSLA,3/4/25,272.04,0.4895,0.5105,-0.00866669,10.96709500,6.8488,6.1719,0.68075,-0.0053,0.4895,0.5105
TSLA,3/5/25,279.1,0.4887,0.5113,-0.01000978,14.62413818,6.8514,6.2033,0.68093,-0.0061,0.5901,0.4099
TSLA,3/6/25,263.45,0.4896,0.5104,-0.00837865,10.25104337,6.8482,6.1650,0.68071,-0.0051,0.4899,0.5101
TSLA,3/7/25,262.67,0.4889,0.5111,-0.00967954,13.67639344,6.8508,6.1957,0.68089,-0.0059,0.4883,0.5117
TSLA,3/10/25,222.15,0.4881,0.5119,-0.01105250,17.82442279,6.8534,6.2270,0.68107,-0.0067,0.5946,0.4054
 MSFT,9/12/24,427,0.4455,0.5545,0.37988549,20433.21043276,7.0627,2.2200,0.57612,-0.2240,0.5000,0.5000
 MSFT,9/13/24,430.59,0.5000,0.5000,0.00000000,0.00000000,6.8321,5.8610,0.67957,0.0000,0.5000,0.5000
 MSFT,9/16/24,431.34,0.5358,0.4642,0.09861229,1384.72192023,7.0226,6.1270,0.69293,-0.0606,0.6139,0.3861
 MSFT,9/17/24,435.15,0.5566,0.4434,0.24245332,8043.86014682,7.3079,7.2023,0.71221,-0.1513,0.7046,0.2954
 MSFT,9/18/24,430.81,0.5711,0.4289,0.37838885,18857.96236512,7.5924,8.4408,0.73011,-0.2392,0.7940,0.2060
 MSFT,9/19/24,438.69,0.5358,0.4642,0.09861229,1384.72192023,7.0226,6.1270,0.69293,-0.0606,0.2967,0.7033
 MSFT,9/20/24,435.27,0.5473,0.4527,0.17047628,4056.91637867,7.1636,6.6289,0.70260,-0.1056,0.1813,0.8187
 MSFT,9/23/24,433.51,0.5264,0.4736,0.05392051,419.17764251,6.9360,5.8698,0.68689,-0.0329,0.4079,0.5921
 MSFT,9/24/24,429.17,0.5115,0.4885,0.01035724,15.65551268,6.8521,5.7337,0.68098,-0.0063,0.1785,0.8215
 MSFT,9/25/24,432.11,0.5000,0.5000,0.00000000,0.00000000,6.8321,5.8610,0.67957,0.0000,0.3600,0.6400
 MSFT,9/26/24,431.31,0.5094,0.4906,0.00691796,6.99125693,6.8454,5.7414,0.68051,-0.0042,0.4898,0.5102
 MSFT,9/27/24,428.02,0.5000,0.5000,0.00000000,0.00000000,6.8321,5.8610,0.67957,0.0000,0.5000,0.5000
 MSFT,9/30/24,430.3,0.4920,0.5080,-0.00494679,3.57672597,6.8416,6.0774,0.68024,-0.0030,0.4930,0.5070
 MSFT,10/1/24,420.69,0.5000,0.5000,0.00000000,0.00000000,6.8321,5.8610,0.67957,0.0000,0.5000,0.5000
 MSFT,10/2/24,417.13,0.4931,0.5069,-0.00371262,2.01535234,6.8393,6.0420,0.68008,-0.0023,0.4949,0.5051
 MSFT,10/3/24,416.54,0.4870,0.5130,-0.01313189,25.14753808,6.8574,6.2728,0.68135,-0.0080,0.5580,0.4420
 MSFT,10/4/24,416.06,0.4816,0.5184,-0.02639755,101.24038713,6.8829,6.5407,0.68316,-0.0161,0.6058,0.3942
 MSFT,10/7/24,409.54,0.4766,0.5234,-0.04228839,258.66679163,6.9136,6.8375,0.68531,-0.0258,0.6428,0.3572
 MSFT,10/8/24,414.71,0.4721,0.5279,-0.05997675,517.75451972,6.9477,7.1575,0.68771,-0.0367,0.6721,0.3279
 MSFT,10/9/24,417.46,0.4790,0.5210,-0.03407377,168.31959595,6.8977,6.6859,0.68420,-0.0208,0.4538,0.5462
 MSFT,10/10/24,415.84,0.4851,0.5149,-0.01719690,43.07704632,6.8652,6.3585,0.68191,-0.0105,0.2659,0.7341
 MSFT,10/11/24,416.32,0.4810,0.5190,-0.02805145,114.27105492,6.8861,6.5724,0.68338,-0.0171,0.4626,0.5374
 MSFT,10/14/24,419.14,0.4864,0.5136,-0.01430949,29.85009735,6.8597,6.2981,0.68151,-0.0087,0.4812,0.5188
 MSFT,10/15/24,418.74,0.4914,0.5086,-0.00580884,4.93075350,6.8433,6.1007,0.68036,-0.0035,0.3530,0.6470
 MSFT,10/16/24,416.12,0.4875,0.5125,-0.01209425,21.33658926,6.8554,6.2501,0.68121,-0.0074,0.4843,0.5157
 MSFT,10/17/24,416.72,0.4840,0.5160,-0.01998014,58.10371348,6.8706,6.4149,0.68228,-0.0122,0.6033,0.3967
 MSFT,10/18/24,418.16,0.4885,0.5115,-0.01035724,15.65551268,6.8521,6.2112,0.68098,-0.0063,0.4866,0.5134
 MSFT,10/21/24,418.78,0.4926,0.5074,-0.00426346,2.65733484,6.8403,6.0582,0.68015,-0.0026,0.3770,0.6230
 MSFT,10/22/24,427.51,0.4964,0.5036,-0.00099152,0.14385533,6.8340,5.9442,0.67971,-0.0006,0.4231,0.5769
 MSFT,10/23/24,424.6,0.5000,0.5000,0.00000000,0.00000000,6.8321,5.8610,0.67957,0.0000,0.4635,0.5365
 MSFT,10/24/24,424.73,0.4967,0.5033,-0.00086764,0.11015814,6.8338,5.9382,0.67969,-0.0005,0.4989,0.5011
 MSFT,10/25/24,428.15,0.5000,0.5000,0.00000000,0.00000000,6.8321,5.8610,0.67957,0.0000,0.5000,0.5000
 MSFT,10/28/24,426.59,0.5031,0.4969,0.00076561,0.08577539,6.8336,5.8054,0.67967,-0.0005,0.4990,0.5010
 MSFT,10/29/24,431.95,0.5000,0.5000,0.00000000,0.00000000,6.8321,5.8610,0.67957,0.0000,0.5000,0.5000
 MSFT,10/30/24,432.53,0.5030,0.4970,0.00068057,0.06778113,6.8334,5.8082,0.67966,-0.0004,0.4991,0.5009
 MSFT,10/31/24,406.35,0.5057,0.4943,0.00257631,0.97079118,6.8371,5.7712,0.67992,-0.0016,0.5266,0.4734
 MSFT,11/1/24,410.37,0.5028,0.4972,0.00060896,0.05426784,6.8333,5.8107,0.67965,-0.0004,0.4992,0.5008
 MSFT,11/4/24,408.46,0.5054,0.4946,0.00231186,0.78178081,6.8366,5.7746,0.67988,-0.0014,0.4971,0.5029
 MSFT,11/5/24,411.46,0.5027,0.4973,0.00054808,0.04396066,6.8332,5.8129,0.67964,-0.0003,0.4993,0.5007
 MSFT,11/6/24,420.18,0.5052,0.4948,0.00208615,0.63661966,6.8361,5.7778,0.67985,-0.0013,0.4974,0.5026
 MSFT,11/7/24,425.43,0.5076,0.4924,0.00447458,2.92685302,6.8407,5.7537,0.68018,-0.0027,0.5463,0.4537
 MSFT,11/8/24,422.54,0.5099,0.4901,0.00759583,8.42688006,6.8467,5.7392,0.68060,-0.0046,0.5664,0.4336
 MSFT,11/11/24,418.01,0.5072,0.4928,0.00406694,2.41814950,6.8400,5.7567,0.68012,-0.0025,0.4949,0.5051
 MSFT,11/12/24,423.03,0.5047,0.4953,0.00172369,0.43466002,6.8354,5.7836,0.67980,-0.0010,0.4259,0.5741
 MSFT,11/13/24,425.2,0.5069,0.4931,0.00371262,2.01535234,6.8393,5.7596,0.68008,-0.0023,0.4954,0.5046
 MSFT,11/14/24,426.89,0.5090,0.4910,0.00632706,5.84890837,6.8443,5.7437,0.68043,-0.0038,0.5609,0.4391
 MSFT,11/15/24,415,0.5110,0.4890,0.00948920,13.14451684,6.8504,5.7349,0.68086,-0.0058,0.5779,0.4221
 MSFT,11/18/24,415.76,0.5086,0.4914,0.00580884,4.93075350,6.8433,5.7460,0.68036,-0.0035,0.4928,0.5072
 MSFT,11/19/24,417.79,0.5106,0.4894,0.00872608,11.11773828,6.8489,5.7363,0.68076,-0.0053,0.4892,0.5108
 MSFT,11/20/24,415.49,0.5125,0.4875,0.01209425,21.33658926,6.8554,5.7325,0.68121,-0.0074,0.5901,0.4099
 MSFT,11/21/24,412.87,0.5102,0.4898,0.00805159,9.46724566,6.8476,5.7379,0.68066,-0.0049,0.4900,0.5100
 MSFT,11/22/24,417,0.5080,0.4920,0.00494679,3.57672597,6.8416,5.7507,0.68024,-0.0030,0.3938,0.6062
 MSFT,11/25/24,418.79,0.5098,0.4902,0.00745250,8.11217930,6.8465,5.7396,0.68058,-0.0045,0.4908,0.5092
 MSFT,11/26/24,427.99,0.5115,0.4885,0.01035724,15.65551268,6.8521,5.7337,0.68098,-0.0063,0.5840,0.4160
 MSFT,11/27/24,422.99,0.5132,0.4868,0.01361803,27.04021455,6.8583,5.7325,0.68142,-0.0083,0.5973,0.4027
 MSFT,11/29/24,423.46,0.5111,0.4889,0.00962610,13.52599038,6.8506,5.7347,0.68088,-0.0058,0.4881,0.5119
 MSFT,12/2/24,430.98,0.5128,0.4872,0.01267140,23.41779895,6.8565,5.7324,0.68129,-0.0077,0.4843,0.5157
 MSFT,12/3/24,431.2,0.5143,0.4857,0.01601918,37.39123533,6.8630,5.7341,0.68175,-0.0097,0.6062,0.3938
 MSFT,12/4/24,437.42,0.5159,0.4841,0.01963860,56.13965656,6.8699,5.7393,0.68224,-0.0119,0.6174,0.3826
 MSFT,12/5/24,442.62,0.5174,0.4826,0.02350215,80.31444172,6.8774,5.7479,0.68276,-0.0143,0.6278,0.3722
 MSFT,12/6/24,443.57,0.5188,0.4812,0.02758521,110.51844069,6.8852,5.7594,0.68332,-0.0168,0.6376,0.3624
 MSFT,12/9/24,446.02,0.5203,0.4797,0.03186573,147.30248933,6.8935,5.7736,0.68390,-0.0194,0.6468,0.3532
 MSFT,12/10/24,443.33,0.5216,0.4784,0.03632390,191.16412677,6.9021,5.7903,0.68450,-0.0221,0.6553,0.3447
 MSFT,12/11/24,448.99,0.5196,0.4804,0.02986688,129.47464808,6.8896,5.7667,0.68363,-0.0182,0.4627,0.5373
 MSFT,12/12/24,449.56,0.5210,0.4790,0.03407377,168.31959595,6.8977,5.7817,0.68420,-0.0208,0.4574,0.5426
 MSFT,12/13/24,447.27,0.5223,0.4777,0.03843644,213.92003763,6.9061,5.7988,0.68479,-0.0234,0.6594,0.3406
 MSFT,12/16/24,451.59,0.5203,0.4797,0.03202779,148.79788282,6.8938,5.7742,0.68392,-0.0195,0.4600,0.5400
 MSFT,12/17/24,454.46,0.5216,0.4784,0.03615583,189.40806428,6.9017,5.7897,0.68448,-0.0220,0.4548,0.5452
 MSFT,12/18/24,437.39,0.5228,0.4772,0.04042141,236.45445359,6.9100,5.8071,0.68506,-0.0247,0.6631,0.3369
 MSFT,12/19/24,437.03,0.5210,0.4790,0.03407377,168.31959595,6.8977,5.7817,0.68420,-0.0208,0.4575,0.5425
 MSFT,12/20/24,436.6,0.5191,0.4809,0.02845532,117.57185925,6.8869,5.7621,0.68343,-0.0173,0.2702,0.7298
 MSFT,12/23/24,435.25,0.5174,0.4826,0.02350215,80.31444172,6.8774,5.7479,0.68276,-0.0143,0.2911,0.7089
 MSFT,12/24/24,439.33,0.5157,0.4843,0.01915731,53.42890550,6.8690,5.7385,0.68217,-0.0117,0.3115,0.6885
 MSFT,12/26/24,438.11,0.5169,0.4831,0.02223073,71.88537481,6.8749,5.7448,0.68259,-0.0135,0.4725,0.5275
 MSFT,12/27/24,430.53,0.5153,0.4847,0.01813729,47.90444743,6.8670,5.7368,0.68203,-0.0110,0.4777,0.5223
 MSFT,12/30/24,424.83,0.5137,0.4863,0.01456403,30.91927893,6.8601,5.7329,0.68155,-0.0089,0.3360,0.6640
 MSFT,12/31/24,421.5,0.5121,0.4879,0.01146951,19.19255913,6.8542,5.7328,0.68113,-0.0070,0.3543,0.6457
 MSFT,1/2/25,418.58,0.5106,0.4894,0.00881632,11.34859088,6.8491,5.7361,0.68077,-0.0054,0.3720,0.6280
 MSFT,1/3/25,423.35,0.5092,0.4908,0.00657064,6.30749748,6.8448,5.7427,0.68046,-0.0040,0.3888,0.6112
 MSFT,1/6/25,427.85,0.5104,0.4896,0.00837865,10.25104337,6.8482,5.7371,0.68071,-0.0051,0.4898,0.5102
 MSFT,1/7/25,422.37,0.5115,0.4885,0.01035724,15.65551268,6.8521,5.7337,0.68098,-0.0063,0.5887,0.4113
 MSFT,1/8/25,424.56,0.5101,0.4899,0.00797282,9.28312616,6.8475,5.7381,0.68065,-0.0048,0.4903,0.5097
 MSFT,1/10/25,418.95,0.5113,0.4887,0.00986095,14.19309184,6.8511,5.7343,0.68091,-0.0060,0.4880,0.5120
 MSFT,1/13/25,417.19,0.5099,0.4901,0.00759583,8.42688006,6.8467,5.7392,0.68060,-0.0046,0.4907,0.5093
 MSFT,1/14/25,415.67,0.5085,0.4915,0.00567247,4.70213130,6.8430,5.7467,0.68034,-0.0034,0.3974,0.6026
 MSFT,1/15/25,426.31,0.5072,0.4928,0.00406694,2.41814950,6.8400,5.7567,0.68012,-0.0025,0.4122,0.5878
 MSFT,1/16/25,424.58,0.5083,0.4917,0.00541376,4.28331140,6.8425,5.7480,0.68031,-0.0033,0.4934,0.5066
 MSFT,1/17/25,429.03,0.5071,0.4929,0.00388372,2.20528963,6.8396,5.7581,0.68010,-0.0024,0.4953,0.5047
 MSFT,1/21/25,428.5,0.5081,0.4919,0.00517237,3.91012327,6.8421,5.7493,0.68027,-0.0031,0.4937,0.5063
 MSFT,1/22/25,446.2,0.5069,0.4931,0.00371262,2.01535234,6.8393,5.7596,0.68008,-0.0023,0.4955,0.5045
 MSFT,1/23/25,446.71,0.5080,0.4920,0.00494679,3.57672597,6.8416,5.7507,0.68024,-0.0030,0.4940,0.5060
 MSFT,1/24/25,444.06,0.5090,0.4910,0.00632706,5.84890837,6.8443,5.7437,0.68043,-0.0038,0.5699,0.4301
 MSFT,1/27/25,434.56,0.5078,0.4922,0.00473566,3.27813292,6.8412,5.7520,0.68021,-0.0029,0.4943,0.5057
 MSFT,1/28/25,447.2,0.5066,0.4934,0.00340269,1.69306332,6.8387,5.7623,0.68003,-0.0021,0.4203,0.5797
 MSFT,1/29/25,442.33,0.5076,0.4924,0.00453778,3.01007191,6.8409,5.7533,0.68019,-0.0028,0.4945,0.5055
 MSFT,1/30/25,414.99,0.5065,0.4935,0.00326209,1.55610106,6.8384,5.7637,0.68001,-0.0020,0.4961,0.5039
 MSFT,1/31/25,415.06,0.5053,0.4947,0.00221737,0.71920200,6.8364,5.7759,0.67987,-0.0013,0.4345,0.5655
 MSFT,2/3/25,410.92,0.5063,0.4937,0.00313004,1.43271663,6.8382,5.7650,0.68000,-0.0019,0.4962,0.5038
 MSFT,2/4/25,412.37,0.5052,0.4948,0.00212857,0.66276252,6.8362,5.7772,0.67986,-0.0013,0.4974,0.5026
 MSFT,2/5/25,413.29,0.5062,0.4938,0.00300585,1.32132586,6.8379,5.7663,0.67998,-0.0018,0.4964,0.5036
 MSFT,2/6/25,415.82,0.5072,0.4928,0.00401329,2.35480531,6.8399,5.7571,0.68012,-0.0024,0.5555,0.4445
 MSFT,2/7/25,409.75,0.5081,0.4919,0.00514333,3.86638239,6.8420,5.7495,0.68027,-0.0031,0.5635,0.4365
 MSFT,2/10/25,412.22,0.5070,0.4930,0.00385856,2.17682497,6.8396,5.7583,0.68009,-0.0023,0.4953,0.5047
 MSFT,2/11/25,411.44,0.5080,0.4920,0.00494679,3.57672597,6.8416,5.7507,0.68024,-0.0030,0.4940,0.5060
 MSFT,2/12/25,409.04,0.5069,0.4931,0.00371262,2.01535234,6.8393,5.7596,0.68008,-0.0023,0.4955,0.5045
 MSFT,2/13/25,410.54,0.5059,0.4941,0.00267462,1.04626250,6.8373,5.7700,0.67993,-0.0016,0.4299,0.5701
 MSFT,2/14/25,408.43,0.5068,0.4932,0.00357481,1.86858310,6.8390,5.7608,0.68006,-0.0022,0.4957,0.5043
 MSFT,2/18/25,409.64,0.5057,0.4943,0.00257631,0.97079118,6.8371,5.7712,0.67992,-0.0016,0.4969,0.5031
 MSFT,2/19/25,414.77,0.5066,0.4934,0.00344454,1.73493896,6.8388,5.7619,0.68004,-0.0021,0.4958,0.5042
 MSFT,2/20/25,416.13,0.5075,0.4925,0.00442035,2.85638450,6.8406,5.7541,0.68017,-0.0027,0.5592,0.4408
 MSFT,2/21/25,408.21,0.5084,0.4916,0.00549799,4.41753168,6.8427,5.7476,0.68032,-0.0033,0.5664,0.4336
 MSFT,2/24/25,404,0.5074,0.4926,0.00426346,2.65733484,6.8403,5.7552,0.68015,-0.0026,0.4949,0.5051
 MSFT,2/25/25,397.9,0.5064,0.4936,0.00320449,1.50165706,6.8383,5.7643,0.68001,-0.0019,0.4246,0.5754
 MSFT,2/26/25,399.73,0.5054,0.4946,0.00231186,0.78178081,6.8366,5.7746,0.67988,-0.0014,0.4352,0.5648
 MSFT,2/27/25,392.53,0.5063,0.4937,0.00309378,1.39973055,6.8381,5.7654,0.67999,-0.0019,0.4963,0.5037
 MSFT,2/28/25,396.99,0.5054,0.4946,0.00223272,0.72918480,6.8364,5.7757,0.67987,-0.0014,0.4973,0.5027
 MSFT,3/3/25,388.49,0.5062,0.4938,0.00298871,1.30630956,6.8379,5.7665,0.67998,-0.0018,0.4964,0.5036
 MSFT,3/4/25,388.61,0.5053,0.4947,0.00215757,0.68093937,6.8363,5.7768,0.67986,-0.0013,0.4974,0.5026
 MSFT,3/5/25,401.02,0.5061,0.4939,0.00288891,1.22055617,6.8377,5.7676,0.67996,-0.0018,0.4965,0.5035
 MSFT,3/6/25,396.89,0.5069,0.4931,0.00371262,2.01535234,6.8393,5.7596,0.68008,-0.0023,0.5545,0.4455
 MSFT,3/7/25,393.31,0.5060,0.4940,0.00279402,1.14172725,6.8375,5.7686,0.67995,-0.0017,0.4966,0.5034
 MSFT,3/10/25,380.16,0.5051,0.4949,0.00201822,0.59584843,6.8360,5.7788,0.67984,-0.0012,0.4397,0.5603
 NVDA,9/12/24,119.14,0.4455,0.5545,0.37988549,20433.21043276,7.0627,2.2200,0.57612,-0.2240,0.5000,0.5000
 NVDA,9/13/24,119.1,0.5000,0.5000,0.00000000,0.00000000,6.8321,5.8610,0.67957,0.0000,0.5000,0.5000
 NVDA,9/16/24,116.78,0.4642,0.5358,-0.09861229,1384.72192023,7.0226,7.8522,0.69293,-0.0606,0.6139,0.3861
 NVDA,9/17/24,115.59,0.4434,0.5566,-0.24245332,8043.86014682,7.3079,10.6533,0.71221,-0.1513,0.7046,0.2954
 NVDA,9/18/24,113.37,0.4289,0.5711,-0.37838885,18857.96236512,7.5924,13.7915,0.73011,-0.2392,0.7940,0.2060
 NVDA,9/19/24,117.87,0.4179,0.5821,-0.50097177,31901.02490565,7.8672,17.1214,0.74591,-0.3203,0.8282,0.1718
 NVDA,9/20/24,116,0.4527,0.5473,-0.17047628,4056.91637867,7.1636,9.1958,0.70260,-0.1056,0.1813,0.8187
 NVDA,9/23/24,116.26,0.4434,0.5566,-0.24245332,8043.86014682,7.3079,10.6533,0.71221,-0.1513,0.0996,0.9004
 NVDA,9/24/24,120.87,0.4642,0.5358,-0.09861229,1384.72192023,7.0226,7.8522,0.69293,-0.0606,0.3345,0.6655
 NVDA,9/25/24,123.51,0.4790,0.5210,-0.03407377,168.31959595,6.8977,6.6859,0.68420,-0.0208,0.0959,0.9041
 NVDA,9/26/24,124.04,0.4906,0.5094,-0.00691796,6.99125693,6.8454,6.1292,0.68051,-0.0042,0.2517,0.7483
 NVDA,9/27/24,121.4,0.5000,0.5000,0.00000000,0.00000000,6.8321,5.8610,0.67957,0.0000,0.3908,0.6092
 NVDA,9/30/24,121.44,0.4920,0.5080,-0.00494679,3.57672597,6.8416,6.0774,0.68024,-0.0030,0.4930,0.5070
 NVDA,10/1/24,117,0.5000,0.5000,0.00000000,0.00000000,6.8321,5.8610,0.67957,0.0000,0.5000,0.5000
 NVDA,10/2/24,118.85,0.4931,0.5069,-0.00371262,2.01535234,6.8393,6.0420,0.68008,-0.0023,0.4949,0.5051
 NVDA,10/3/24,122.85,0.5000,0.5000,0.00000000,0.00000000,6.8321,5.8610,0.67957,0.0000,0.5000,0.5000
 NVDA,10/4/24,124.92,0.5061,0.4939,0.00288891,1.22055617,6.8377,5.7676,0.67996,-0.0018,0.4961,0.5039
 NVDA,10/7/24,127.72,0.5115,0.4885,0.01035724,15.65551268,6.8521,5.7337,0.68098,-0.0063,0.5519,0.4481
 NVDA,10/8/24,132.89,0.5165,0.4835,0.02106021,64.53581255,6.8727,5.7422,0.68243,-0.0128,0.5956,0.4044
 NVDA,10/9/24,132.65,0.5210,0.4790,0.03407377,168.31959595,6.8977,5.7817,0.68420,-0.0208,0.6304,0.3696
 NVDA,10/10/24,134.81,0.5149,0.4851,0.01719690,43.07704632,6.8652,5.7354,0.68191,-0.0105,0.4771,0.5229
 NVDA,10/11/24,134.8,0.5190,0.4810,0.02805145,114.27105492,6.8861,5.7608,0.68338,-0.0171,0.4626,0.5374
 NVDA,10/14/24,138.07,0.5136,0.4864,0.01430949,29.85009735,6.8597,5.7327,0.68151,-0.0087,0.4812,0.5188
 NVDA,10/15/24,131.6,0.5174,0.4826,0.02350215,80.31444172,6.8774,5.7479,0.68276,-0.0143,0.4690,0.5310
 NVDA,10/16/24,135.72,0.5125,0.4875,0.01209425,21.33658926,6.8554,5.7325,0.68121,-0.0074,0.4843,0.5157
 NVDA,10/17/24,136.93,0.5160,0.4840,0.01998014,58.10371348,6.8706,5.7400,0.68228,-0.0122,0.4739,0.5261
 NVDA,10/18/24,138,0.5194,0.4806,0.02912000,123.10581405,6.8882,5.7642,0.68352,-0.0177,0.6282,0.3718
 NVDA,10/21/24,143.71,0.5225,0.4775,0.03924519,222.96666367,6.9077,5.8022,0.68490,-0.0239,0.6495,0.3505
 NVDA,10/22/24,143.59,0.5255,0.4745,0.05014500,362.91265679,6.9287,5.8513,0.68638,-0.0306,0.6679,0.3321
 NVDA,10/23/24,139.56,0.5210,0.4790,0.03407377,168.31959595,6.8977,5.7817,0.68420,-0.0208,0.4556,0.5444
 NVDA,10/24/24,140.41,0.5168,0.4832,0.02198891,70.33473620,6.8744,5.7442,0.68256,-0.0134,0.2685,0.7315
 NVDA,10/25/24,141.54,0.5196,0.4804,0.02986688,129.47464808,6.8896,5.7667,0.68363,-0.0182,0.4614,0.5386
 NVDA,10/28/24,140.52,0.5223,0.4777,0.03843644,213.92003763,6.9061,5.7988,0.68479,-0.0234,0.6511,0.3489
 NVDA,10/29/24,141.25,0.5184,0.4816,0.02639755,101.24038713,6.8829,5.7558,0.68316,-0.0161,0.4661,0.5339
 NVDA,10/30/24,139.335,0.5210,0.4790,0.03407377,168.31959595,6.8977,5.7817,0.68420,-0.0208,0.4561,0.5439
 NVDA,10/31/24,132.76,0.5174,0.4826,0.02350215,80.31444172,6.8774,5.7479,0.68276,-0.0143,0.4700,0.5300
 NVDA,11/1/24,135.4,0.5141,0.4859,0.01536990,34.42787948,6.8617,5.7335,0.68166,-0.0093,0.3105,0.6895
 NVDA,11/4/24,136.05,0.5165,0.4835,0.02106021,64.53581255,6.8727,5.7422,0.68243,-0.0128,0.4733,0.5267
 NVDA,11/5/24,139.91,0.5188,0.4812,0.02732401,108.44336429,6.8847,5.7586,0.68328,-0.0166,0.6314,0.3686
 NVDA,11/6/24,145.61,0.5210,0.4790,0.03407377,168.31959595,6.8977,5.7817,0.68420,-0.0208,0.6460,0.3540
 NVDA,11/7/24,148.88,0.5231,0.4769,0.04123546,246.01835240,6.9115,5.8106,0.68517,-0.0252,0.6593,0.3407
 NVDA,11/8/24,147.63,0.5251,0.4749,0.04874622,343.08213383,6.9260,5.8446,0.68619,-0.0298,0.6713,0.3287
 NVDA,11/11/24,145.26,0.5220,0.4780,0.03739674,202.56230609,6.9041,5.7946,0.68465,-0.0228,0.4523,0.5477
 NVDA,11/12/24,148.29,0.5190,0.4810,0.02805145,114.27105492,6.8861,5.7608,0.68338,-0.0171,0.2581,0.7419
 NVDA,11/13/24,146.27,0.5210,0.4790,0.03407377,168.31959595,6.8977,5.7817,0.68420,-0.0208,0.4567,0.5433
 NVDA,11/14/24,146.76,0.5182,0.4818,0.02562522,95.42354563,6.8814,5.7536,0.68305,-0.0156,0.4677,0.5323
 NVDA,11/15/24,141.98,0.5200,0.4800,0.03117756,141.03608513,6.8921,5.7712,0.68380,-0.0190,0.4606,0.5394
 NVDA,11/18/24,140.15,0.5174,0.4826,0.02350215,80.31444172,6.8774,5.7479,0.68276,-0.0143,0.4705,0.5295
 NVDA,11/19/24,147.01,0.5149,0.4851,0.01719690,43.07704632,6.8652,5.7354,0.68191,-0.0105,0.3110,0.6890
 NVDA,11/20/24,145.89,0.5167,0.4833,0.02163354,68.08650427,6.8738,5.7434,0.68251,-0.0132,0.4729,0.5271
 NVDA,11/21/24,146.67,0.5143,0.4857,0.01586090,36.65758907,6.8626,5.7339,0.68173,-0.0096,0.4802,0.5198
 NVDA,11/22/24,141.95,0.5160,0.4840,0.01998014,58.10371348,6.8706,5.7400,0.68228,-0.0122,0.4750,0.5250
 NVDA,11/25/24,136.02,0.5137,0.4863,0.01467520,31.39215800,6.8604,5.7329,0.68156,-0.0089,0.4818,0.5182
 NVDA,11/26/24,136.92,0.5115,0.4885,0.01035724,15.65551268,6.8521,5.7337,0.68098,-0.0063,0.3535,0.6465
 NVDA,11/27/24,135.34,0.5132,0.4868,0.01361803,27.04021455,6.8583,5.7325,0.68142,-0.0083,0.4831,0.5169
 NVDA,11/29/24,138.25,0.5111,0.4889,0.00962610,13.52599038,6.8506,5.7347,0.68088,-0.0058,0.4881,0.5119
 NVDA,12/2/24,138.63,0.5128,0.4872,0.01267140,23.41779895,6.8565,5.7324,0.68129,-0.0077,0.4843,0.5157
 NVDA,12/3/24,140.26,0.5143,0.4857,0.01601918,37.39123533,6.8630,5.7341,0.68175,-0.0097,0.6062,0.3938
 NVDA,12/4/24,145.14,0.5159,0.4841,0.01963860,56.13965656,6.8699,5.7393,0.68224,-0.0119,0.6174,0.3826
 NVDA,12/5/24,145.06,0.5174,0.4826,0.02350215,80.31444172,6.8774,5.7479,0.68276,-0.0143,0.6278,0.3722
 NVDA,12/6/24,142.44,0.5154,0.4846,0.01835677,49.06784716,6.8674,5.7371,0.68206,-0.0112,0.4772,0.5228
 NVDA,12/9/24,138.81,0.5134,0.4866,0.01400062,28.57786461,6.8591,5.7326,0.68147,-0.0085,0.3348,0.6652
 NVDA,12/10/24,135.07,0.5115,0.4885,0.01035724,15.65551268,6.8521,5.7337,0.68098,-0.0063,0.3573,0.6427
 NVDA,12/11/24,139.31,0.5097,0.4903,0.00735919,7.91052102,6.8463,5.7399,0.68057,-0.0045,0.3787,0.6213
 NVDA,12/12/24,137.34,0.5112,0.4888,0.00972571,13.80697922,6.8508,5.7345,0.68089,-0.0059,0.4880,0.5120
 NVDA,12/13/24,134.25,0.5094,0.4906,0.00691796,6.99125693,6.8454,5.7414,0.68051,-0.0042,0.4915,0.5085
 NVDA,12/16/24,132,0.5077,0.4923,0.00465498,3.16746267,6.8411,5.7525,0.68020,-0.0028,0.4023,0.5977
 NVDA,12/17/24,130.39,0.5061,0.4939,0.00288891,1.22055617,6.8377,5.7676,0.67996,-0.0018,0.4208,0.5792
 NVDA,12/18/24,128.91,0.5045,0.4955,0.00157691,0.36380146,6.8352,5.7862,0.67978,-0.0010,0.4384,0.5616
 NVDA,12/19/24,130.68,0.5030,0.4970,0.00068057,0.06778113,6.8334,5.8082,0.67966,-0.0004,0.4551,0.5449
 NVDA,12/20/24,134.7,0.5044,0.4956,0.00148924,0.32448064,6.8350,5.7879,0.67977,-0.0009,0.4982,0.5018
 NVDA,12/23/24,139.67,0.5057,0.4943,0.00257631,0.97079118,6.8371,5.7712,0.67992,-0.0016,0.5397,0.4603
 NVDA,12/24/24,140.22,0.5071,0.4929,0.00391936,2.24592672,6.8397,5.7579,0.68010,-0.0024,0.5515,0.4485
 NVDA,12/26/24,139.93,0.5084,0.4916,0.00549799,4.41753168,6.8427,5.7476,0.68032,-0.0033,0.5627,0.4373
 NVDA,12/27/24,137.01,0.5069,0.4931,0.00371262,2.01535234,6.8393,5.7596,0.68008,-0.0023,0.4955,0.5045
 NVDA,12/30/24,137.49,0.5054,0.4946,0.00231186,0.78178081,6.8366,5.7746,0.67988,-0.0014,0.4298,0.5702
 NVDA,12/31/24,134.29,0.5067,0.4933,0.00352183,1.81363198,6.8389,5.7612,0.68005,-0.0021,0.4957,0.5043
 NVDA,1/2/25,138.31,0.5053,0.4947,0.00219466,0.70454601,6.8364,5.7762,0.67987,-0.0013,0.4973,0.5027
 NVDA,1/3/25,144.47,0.5066,0.4934,0.00334538,1.63653780,6.8386,5.7629,0.68003,-0.0020,0.4959,0.5041
 NVDA,1/6/25,149.43,0.5078,0.4922,0.00470179,3.23144186,6.8412,5.7522,0.68021,-0.0029,0.5583,0.4417
 NVDA,1/7/25,140.14,0.5090,0.4910,0.00624887,5.70537088,6.8442,5.7440,0.68042,-0.0038,0.5683,0.4317
 NVDA,1/8/25,140.11,0.5076,0.4924,0.00447458,2.92685302,6.8407,5.7537,0.68018,-0.0027,0.4946,0.5054
 NVDA,1/10/25,135.91,0.5062,0.4938,0.00303009,1.34271318,6.8380,5.7660,0.67998,-0.0018,0.4226,0.5774
 NVDA,1/13/25,133.23,0.5049,0.4951,0.00189196,0.52364546,6.8358,5.7808,0.67983,-0.0011,0.4370,0.5630
 NVDA,1/14/25,131.76,0.5036,0.4964,0.00103876,0.15788762,6.8341,5.7978,0.67971,-0.0006,0.4507,0.5493
 NVDA,1/15/25,136.24,0.5024,0.4976,0.00045083,0.02974445,6.8330,5.8169,0.67963,-0.0003,0.4639,0.5361
 NVDA,1/16/25,133.57,0.5036,0.4964,0.00099152,0.14385533,6.8340,5.7990,0.67971,-0.0006,0.4988,0.5012
 NVDA,1/17/25,137.71,0.5023,0.4977,0.00043056,0.02713065,6.8330,5.8178,0.67963,-0.0003,0.4995,0.5005
 NVDA,1/21/25,140.83,0.5035,0.4965,0.00094743,0.13134802,6.8340,5.8002,0.67970,-0.0006,0.4989,0.5011
 NVDA,1/22/25,147.07,0.5046,0.4954,0.00164785,0.39726193,6.8353,5.7849,0.67979,-0.0010,0.5320,0.4680
 NVDA,1/23/25,147.22,0.5057,0.4943,0.00251991,0.92876418,6.8370,5.7719,0.67991,-0.0015,0.5417,0.4583
 NVDA,1/24/25,142.62,0.5068,0.4932,0.00355259,1.84543724,6.8390,5.7610,0.68005,-0.0022,0.5511,0.4489
 NVDA,1/27/25,118.42,0.5056,0.4944,0.00241252,0.85131827,6.8368,5.7733,0.67990,-0.0015,0.4971,0.5029
 NVDA,1/28/25,128.99,0.5044,0.4956,0.00151046,0.33379134,6.8350,5.7875,0.67978,-0.0009,0.4441,0.5559
 NVDA,1/29/25,123.7,0.5054,0.4946,0.00231186,0.78178081,6.8366,5.7746,0.67988,-0.0014,0.4972,0.5028
 NVDA,1/30/25,124.65,0.5043,0.4957,0.00144812,0.30681324,6.8349,5.7887,0.67977,-0.0009,0.4982,0.5018
 NVDA,1/31/25,120.07,0.5053,0.4947,0.00221737,0.71920200,6.8364,5.7759,0.67987,-0.0013,0.4973,0.5027
 NVDA,2/3/25,116.66,0.5042,0.4958,0.00138956,0.28250682,6.8348,5.7899,0.67976,-0.0008,0.4983,0.5017
 NVDA,2/4/25,118.65,0.5031,0.4969,0.00076561,0.08577539,6.8336,5.8054,0.67967,-0.0005,0.4580,0.5420
 NVDA,2/5/25,124.83,0.5041,0.4959,0.00133449,0.26056074,6.8347,5.7910,0.67975,-0.0008,0.4984,0.5016
 NVDA,2/6/25,128.68,0.5051,0.4949,0.00204499,0.61175345,6.8361,5.7784,0.67985,-0.0012,0.5377,0.4623
 NVDA,2/7/25,129.84,0.5061,0.4939,0.00288891,1.22055617,6.8377,5.7676,0.67996,-0.0018,0.5463,0.4537
 NVDA,2/10/25,133.57,0.5070,0.4930,0.00385856,2.17682497,6.8396,5.7583,0.68009,-0.0023,0.5545,0.4455
 NVDA,2/11/25,132.8,0.5080,0.4920,0.00494679,3.57672597,6.8416,5.7507,0.68024,-0.0030,0.5623,0.4377
 NVDA,2/12/25,131.14,0.5069,0.4931,0.00371262,2.01535234,6.8393,5.7596,0.68008,-0.0023,0.4955,0.5045
 NVDA,2/13/25,135.29,0.5059,0.4941,0.00267462,1.04626250,6.8373,5.7700,0.67993,-0.0016,0.4299,0.5701
 NVDA,2/14/25,138.85,0.5068,0.4932,0.00357481,1.86858310,6.8390,5.7608,0.68006,-0.0022,0.4957,0.5043
 NVDA,2/18/25,139.4,0.5077,0.4923,0.00458607,3.07443492,6.8410,5.7530,0.68019,-0.0028,0.5602,0.4398
 NVDA,2/19/25,139.23,0.5086,0.4914,0.00570235,4.75177081,6.8431,5.7465,0.68035,-0.0035,0.5675,0.4325
 NVDA,2/20/25,140.11,0.5075,0.4925,0.00442035,2.85638450,6.8406,5.7541,0.68017,-0.0027,0.4947,0.5053
 NVDA,2/21/25,134.43,0.5084,0.4916,0.00549799,4.41753168,6.8427,5.7476,0.68032,-0.0033,0.4934,0.5066
 NVDA,2/24/25,130.28,0.5074,0.4926,0.00426346,2.65733484,6.8403,5.7552,0.68015,-0.0026,0.4949,0.5051
 NVDA,2/25/25,126.63,0.5064,0.4936,0.00320449,1.50165706,6.8383,5.7643,0.68001,-0.0019,0.4246,0.5754
 NVDA,2/26/25,131.28,0.5054,0.4946,0.00231186,0.78178081,6.8366,5.7746,0.67988,-0.0014,0.4352,0.5648
 NVDA,2/27/25,120.15,0.5063,0.4937,0.00309378,1.39973055,6.8381,5.7654,0.67999,-0.0019,0.4963,0.5037
 NVDA,2/28/25,124.92,0.5054,0.4946,0.00223272,0.72918480,6.8364,5.7757,0.67987,-0.0014,0.4973,0.5027
 NVDA,3/3/25,114.06,0.5062,0.4938,0.00298871,1.30630956,6.8379,5.7665,0.67998,-0.0018,0.4964,0.5036
 NVDA,3/4/25,115.99,0.5053,0.4947,0.00215757,0.68093937,6.8363,5.7768,0.67986,-0.0013,0.4974,0.5026
 NVDA,3/5/25,117.3,0.5061,0.4939,0.00288891,1.22055617,6.8377,5.7676,0.67996,-0.0018,0.4965,0.5035
 NVDA,3/6/25,110.57,0.5069,0.4931,0.00371262,2.01535234,6.8393,5.7596,0.68008,-0.0023,0.5545,0.4455
 NVDA,3/7/25,112.69,0.5060,0.4940,0.00279402,1.14172725,6.8375,5.7686,0.67995,-0.0017,0.4966,0.5034
 NVDA,3/10/25,106.98,0.5068,0.4932,0.00359161,1.88618110,6.8390,5.7606,0.68006,-0.0022,0.4957,0.5043
 PLTR,9/12/24,34.91,0.4455,0.5545,0.37988549,20433.21043276,7.0627,2.2200,0.57612,-0.2240,0.5000,0.5000
 PLTR,9/13/24,35.59,0.5000,0.5000,0.00000000,0.00000000,6.8321,5.8610,0.67957,0.0000,0.5000,0.5000
 PLTR,9/16/24,36.31,0.5358,0.4642,0.09861229,1384.72192023,7.0226,6.1270,0.69293,-0.0606,0.6139,0.3861
 PLTR,9/17/24,36.45,0.5566,0.4434,0.24245332,8043.86014682,7.3079,7.2023,0.71221,-0.1513,0.7046,0.2954
 PLTR,9/18/24,36.38,0.5711,0.4289,0.37838885,18857.96236512,7.5924,8.4408,0.73011,-0.2392,0.7940,0.2060
 PLTR,9/19/24,36.83,0.5358,0.4642,0.09861229,1384.72192023,7.0226,6.1270,0.69293,-0.0606,0.2967,0.7033
 PLTR,9/20/24,37.2,0.5473,0.4527,0.17047628,4056.91637867,7.1636,6.6289,0.70260,-0.1056,0.1813,0.8187
 PLTR,9/23/24,37.95,0.5566,0.4434,0.24245332,8043.86014682,7.3079,7.2023,0.71221,-0.1513,0.7699,0.2301
 PLTR,9/24/24,36.9,0.5644,0.4356,0.31203540,13067.03250119,7.4513,7.8121,0.72142,-0.1960,0.7967,0.2033
 PLTR,9/25/24,37.12,0.5437,0.4563,0.14629902,3007.83262751,7.1159,6.4510,0.69935,-0.0904,0.2611,0.7389
 PLTR,9/26/24,37.1,0.5506,0.4494,0.19463336,5252.92009530,7.2116,6.8144,0.70583,-0.1208,0.1951,0.8049
 PLTR,9/27/24,36.84,0.5358,0.4642,0.09861229,1384.72192023,7.0226,6.1270,0.69293,-0.0606,0.3482,0.6518
 PLTR,9/30/24,37.2,0.5243,0.4757,0.04570365,301.84658843,6.9201,5.8304,0.68577,-0.0279,0.1057,0.8943
 PLTR,10/1/24,36.46,0.5304,0.4696,0.07120557,727.49523148,6.9694,5.9621,0.68923,-0.0436,0.3954,0.6046
 PLTR,10/2/24,37.49,0.5210,0.4790,0.03407377,168.31959595,6.8977,5.7817,0.68420,-0.0208,0.4518,0.5482
 PLTR,10/3/24,39.24,0.5264,0.4736,0.05392051,419.17764251,6.9360,5.8698,0.68689,-0.0329,0.4235,0.5765
 PLTR,10/4/24,40.01,0.5313,0.4687,0.07566966,820.55430851,6.9781,5.9876,0.68983,-0.0464,0.6880,0.3120
 PLTR,10/7/24,38.89,0.5358,0.4642,0.09861229,1384.72192023,7.0226,6.1270,0.69293,-0.0606,0.7119,0.2881
 PLTR,10/8/24,41.45,0.5279,0.4721,0.05997675,517.75451972,6.9477,5.9008,0.68771,-0.0367,0.4168,0.5832
 PLTR,10/9/24,43.13,0.5320,0.4680,0.07888735,891.02648285,6.9843,6.0063,0.69027,-0.0484,0.3901,0.6099
 PLTR,10/10/24,43.52,0.5358,0.4642,0.09861229,1384.72192023,7.0226,6.1270,0.69293,-0.0606,0.7151,0.2849
 PLTR,10/11/24,43.51,0.5394,0.4606,0.11885767,2000.41833606,7.0621,6.2597,0.69566,-0.0732,0.7313,0.2687
 PLTR,10/14/24,43.4,0.5325,0.4675,0.08131539,946.08180493,6.9890,6.0206,0.69059,-0.0499,0.3885,0.6115
 PLTR,10/15/24,42.43,0.5264,0.4736,0.05392051,419.17764251,6.9360,5.8698,0.68689,-0.0329,0.1443,0.8557
 PLTR,10/16/24,41.93,0.5210,0.4790,0.03407377,168.31959595,6.8977,5.7817,0.68420,-0.0208,0.2062,0.7938
 PLTR,10/17/24,42,0.5160,0.4840,0.01998014,58.10371348,6.8706,5.7400,0.68228,-0.0122,0.2676,0.7324
 PLTR,10/18/24,42.97,0.5194,0.4806,0.02912000,123.10581405,6.8882,5.7642,0.68352,-0.0177,0.4619,0.5381
 PLTR,10/21/24,42.7,0.5225,0.4775,0.03924519,222.96666367,6.9077,5.8022,0.68490,-0.0239,0.6495,0.3505
 PLTR,10/22/24,42.94,0.5180,0.4820,0.02517807,92.13390853,6.8806,5.7523,0.68299,-0.0153,0.4673,0.5327
 PLTR,10/23/24,42.59,0.5210,0.4790,0.03407377,168.31959595,6.8977,5.7817,0.68420,-0.0208,0.4556,0.5444
 PLTR,10/24/24,43.56,0.5168,0.4832,0.02198891,70.33473620,6.8744,5.7442,0.68256,-0.0134,0.4717,0.5283
 PLTR,10/25/24,44.86,0.5196,0.4804,0.02986688,129.47464808,6.8896,5.7667,0.68363,-0.0182,0.4614,0.5386
 PLTR,10/28/24,44.97,0.5223,0.4777,0.03843644,213.92003763,6.9061,5.7988,0.68479,-0.0234,0.6511,0.3489
 PLTR,10/29/24,44.93,0.5248,0.4752,0.04757024,326.83554156,6.9238,5.8390,0.68603,-0.0290,0.6667,0.3333
 PLTR,10/30/24,43.69,0.5210,0.4790,0.03407377,168.31959595,6.8977,5.7817,0.68420,-0.0208,0.4561,0.5439
 PLTR,10/31/24,41.56,0.5174,0.4826,0.02350215,80.31444172,6.8774,5.7479,0.68276,-0.0143,0.2691,0.7309
 PLTR,11/1/24,41.92,0.5141,0.4859,0.01536990,34.42787948,6.8617,5.7335,0.68166,-0.0093,0.3105,0.6895
 PLTR,11/4/24,41.41,0.5165,0.4835,0.02106021,64.53581255,6.8727,5.7422,0.68243,-0.0128,0.4733,0.5267
 PLTR,11/5/24,51.13,0.5133,0.4867,0.01382009,27.84703581,6.8587,5.7325,0.68145,-0.0084,0.4826,0.5174
 PLTR,11/6/24,55.53,0.5156,0.4844,0.01898140,52.45476721,6.8687,5.7381,0.68215,-0.0115,0.4760,0.5240
 PLTR,11/7/24,55.88,0.5178,0.4822,0.02468129,88.54642302,6.8796,5.7510,0.68292,-0.0150,0.6259,0.3741
 PLTR,11/8/24,58.39,0.5199,0.4801,0.03084187,138.02823927,6.8915,5.7700,0.68376,-0.0188,0.6402,0.3598
 PLTR,11/11/24,60.24,0.5220,0.4780,0.03739674,202.56230609,6.9041,5.7946,0.68465,-0.0228,0.6532,0.3468
 PLTR,11/12/24,59.85,0.5239,0.4761,0.04428910,283.56298139,6.9174,5.8240,0.68558,-0.0270,0.6651,0.3349
 PLTR,11/13/24,60.7,0.5210,0.4790,0.03407377,168.31959595,6.8977,5.7817,0.68420,-0.0208,0.4567,0.5433
 PLTR,11/14/24,59.18,0.5228,0.4772,0.04042141,236.45445359,6.9100,5.8071,0.68506,-0.0247,0.4485,0.5515
 PLTR,11/15/24,65.77,0.5200,0.4800,0.03117756,141.03608513,6.8921,5.7712,0.68380,-0.0190,0.4606,0.5394
 PLTR,11/18/24,61.26,0.5219,0.4781,0.03704287,198.76658311,6.9034,5.7932,0.68460,-0.0226,0.4530,0.5470
 PLTR,11/19/24,62.98,0.5192,0.4808,0.02863764,119.07722476,6.8872,5.7627,0.68346,-0.0174,0.4639,0.5361
 PLTR,11/20/24,62.12,0.5210,0.4790,0.03407377,168.31959595,6.8977,5.7817,0.68420,-0.0208,0.4570,0.5430
 PLTR,11/21/24,61.36,0.5184,0.4816,0.02639755,101.24038713,6.8829,5.7558,0.68316,-0.0161,0.4669,0.5331
 PLTR,11/22/24,64.35,0.5160,0.4840,0.01998014,58.10371348,6.8706,5.7400,0.68228,-0.0122,0.2990,0.7010
 PLTR,11/25/24,64.65,0.5177,0.4823,0.02441167,86.62893164,6.8791,5.7502,0.68289,-0.0149,0.4694,0.5306
 PLTR,11/26/24,65.74,0.5194,0.4806,0.02912000,123.10581405,6.8882,5.7642,0.68352,-0.0177,0.6397,0.3603
 PLTR,11/27/24,66.05,0.5210,0.4790,0.03407377,168.31959595,6.8977,5.7817,0.68420,-0.0208,0.6499,0.3501
 PLTR,11/29/24,67.08,0.5225,0.4775,0.03924519,222.96666367,6.9077,5.8022,0.68490,-0.0239,0.6594,0.3406
 PLTR,12/2/24,66.39,0.5240,0.4760,0.04460959,287.65601437,6.9180,5.8254,0.68563,-0.0272,0.6682,0.3318
 PLTR,12/3/24,70.96,0.5217,0.4783,0.03652148,193.23876673,6.9024,5.7911,0.68453,-0.0223,0.4541,0.5459
 PLTR,12/4/24,69.85,0.5232,0.4768,0.04155517,249.82580290,6.9121,5.8120,0.68521,-0.0254,0.4476,0.5524
 PLTR,12/5/24,71.87,0.5210,0.4790,0.03407377,168.31959595,6.8977,5.7817,0.68420,-0.0208,0.4573,0.5427
 PLTR,12/6/24,76.34,0.5224,0.4776,0.03880654,218.03701508,6.9068,5.8003,0.68484,-0.0237,0.4512,0.5488
 PLTR,12/9/24,72.46,0.5237,0.4763,0.04370308,276.15378518,6.9163,5.8214,0.68550,-0.0267,0.6675,0.3325
 PLTR,12/10/24,70.89,0.5216,0.4784,0.03632390,191.16412677,6.9021,5.7903,0.68450,-0.0221,0.4545,0.5455
 PLTR,12/11/24,72.51,0.5196,0.4804,0.02986688,129.47464808,6.8896,5.7667,0.68363,-0.0182,0.2623,0.7377
 PLTR,12/12/24,73.2,0.5210,0.4790,0.03407377,168.31959595,6.8977,5.7817,0.68420,-0.0208,0.4574,0.5426
 PLTR,12/13/24,76.07,0.5223,0.4777,0.03843644,213.92003763,6.9061,5.7988,0.68479,-0.0234,0.6594,0.3406
 PLTR,12/16/24,75.75,0.5235,0.4765,0.04293982,266.64885834,6.9148,5.8180,0.68540,-0.0262,0.6669,0.3331
 PLTR,12/17/24,74.39,0.5216,0.4784,0.03615583,189.40806428,6.9017,5.7897,0.68448,-0.0220,0.4548,0.5452
 PLTR,12/18/24,71.51,0.5197,0.4803,0.03016186,132.03389911,6.8902,5.7677,0.68367,-0.0184,0.2629,0.7371
 PLTR,12/19/24,74.21,0.5179,0.4821,0.02488647,90.01954566,6.8800,5.7515,0.68295,-0.0152,0.2845,0.7155
 PLTR,12/20/24,80.55,0.5191,0.4809,0.02845532,117.57185925,6.8869,5.7621,0.68343,-0.0173,0.4647,0.5353
 PLTR,12/23/24,80.69,0.5204,0.4796,0.03216770,150.09483059,6.8940,5.7747,0.68394,-0.0196,0.6486,0.3514
 PLTR,12/24/24,82.38,0.5215,0.4785,0.03601112,187.90248745,6.9015,5.7891,0.68446,-0.0220,0.6559,0.3441
 PLTR,12/26/24,82.14,0.5227,0.4773,0.03997415,231.27958598,6.9091,5.8052,0.68500,-0.0244,0.6629,0.3371
 PLTR,12/27/24,79.08,0.5210,0.4790,0.03407377,168.31959595,6.8977,5.7817,0.68420,-0.0208,0.4576,0.5424
 PLTR,12/30/24,77.18,0.5193,0.4807,0.02880852,120.49676173,6.8876,5.7632,0.68348,-0.0175,0.2703,0.7297
 PLTR,12/31/24,75.63,0.5176,0.4824,0.02412624,84.62176849,6.8786,5.7495,0.68285,-0.0147,0.2898,0.7102
 PLTR,1/2/25,75.19,0.5160,0.4840,0.01998014,58.10371348,6.8706,5.7400,0.68228,-0.0122,0.3088,0.6912
 PLTR,1/3/25,79.89,0.5145,0.4855,0.01632804,38.84361294,6.8635,5.7344,0.68179,-0.0099,0.3273,0.6727
 PLTR,1/6/25,75.92,0.5156,0.4844,0.01898140,52.45476721,6.8687,5.7381,0.68215,-0.0115,0.4767,0.5233
 PLTR,1/7/25,69.99,0.5141,0.4859,0.01552361,35.11844049,6.8620,5.7336,0.68168,-0.0094,0.4810,0.5190
 PLTR,1/8/25,68.23,0.5127,0.4873,0.01249398,22.76774704,6.8562,5.7324,0.68127,-0.0076,0.3493,0.6507
 PLTR,1/10/25,67.26,0.5113,0.4887,0.00986095,14.19309184,6.8511,5.7343,0.68091,-0.0060,0.3659,0.6341
 PLTR,1/13/25,64.98,0.5099,0.4901,0.00759583,8.42688006,6.8467,5.7392,0.68060,-0.0046,0.3820,0.6180
 PLTR,1/14/25,65.91,0.5085,0.4915,0.00567247,4.70213130,6.8430,5.7467,0.68034,-0.0034,0.3974,0.6026
 PLTR,1/15/25,68.14,0.5096,0.4904,0.00724500,7.66718474,6.8461,5.7402,0.68055,-0.0044,0.4912,0.5088
 PLTR,1/16/25,69.24,0.5107,0.4893,0.00896987,11.74683584,6.8494,5.7358,0.68079,-0.0054,0.5831,0.4169
 PLTR,1/17/25,71.77,0.5118,0.4882,0.01083673,17.13630637,6.8530,5.7332,0.68104,-0.0066,0.5914,0.4086
 PLTR,1/21/25,73.07,0.5128,0.4872,0.01283600,24.02903267,6.8568,5.7324,0.68131,-0.0078,0.5993,0.4007
 PLTR,1/22/25,76.87,0.5139,0.4861,0.01495880,32.61458202,6.8609,5.7331,0.68160,-0.0091,0.6069,0.3931
 PLTR,1/23/25,78.98,0.5149,0.4851,0.01719690,43.07704632,6.8652,5.7354,0.68191,-0.0105,0.6141,0.3859
 PLTR,1/24/25,78.98,0.5159,0.4841,0.01954264,55.59382652,6.8697,5.7391,0.68223,-0.0119,0.6210,0.3790
 PLTR,1/27/25,75.44,0.5145,0.4855,0.01645735,39.45986022,6.8638,5.7345,0.68181,-0.0100,0.4799,0.5201
 PLTR,1/28/25,80.23,0.5133,0.4867,0.01370168,27.37278598,6.8585,5.7325,0.68143,-0.0083,0.3445,0.6555
 PLTR,1/29/25,79.76,0.5142,0.4858,0.01576466,36.21506218,6.8625,5.7338,0.68171,-0.0096,0.4807,0.5193
 PLTR,1/30/25,81.22,0.5130,0.4870,0.01313189,25.14753808,6.8574,5.7324,0.68135,-0.0080,0.4840,0.5160
 PLTR,1/31/25,82.49,0.5139,0.4861,0.01511493,33.29751446,6.8612,5.7332,0.68162,-0.0092,0.4815,0.5185
 PLTR,2/3/25,83.74,0.5149,0.4851,0.01719690,43.07704632,6.8652,5.7354,0.68191,-0.0105,0.6146,0.3854
 PLTR,2/4/25,103.83,0.5158,0.4842,0.01937167,54.62797695,6.8694,5.7388,0.68220,-0.0118,0.6211,0.3789
 PLTR,2/5/25,101.36,0.5167,0.4833,0.02163354,68.08650427,6.8738,5.7434,0.68251,-0.0132,0.6272,0.3728
 PLTR,2/6/25,111.28,0.5155,0.4845,0.01860285,50.38875771,6.8679,5.7375,0.68210,-0.0113,0.4772,0.5228
 PLTR,2/7/25,110.85,0.5163,0.4837,0.02078209,62.84745075,6.8721,5.7416,0.68239,-0.0126,0.4746,0.5254
 PLTR,2/10/25,116.65,0.5152,0.4848,0.01787908,46.55358761,6.8665,5.7364,0.68200,-0.0109,0.4782,0.5218
 PLTR,2/11/25,112.62,0.5160,0.4840,0.01998014,58.10371348,6.8706,5.7400,0.68228,-0.0122,0.4756,0.5244
 PLTR,2/12/25,117.39,0.5149,0.4851,0.01719690,43.07704632,6.8652,5.7354,0.68191,-0.0105,0.4790,0.5210
 PLTR,2/13/25,117.91,0.5157,0.4843,0.01922391,53.80004230,6.8691,5.7386,0.68218,-0.0117,0.4765,0.5235
 PLTR,2/14/25,119.16,0.5166,0.4834,0.02132712,66.17707571,6.8732,5.7427,0.68247,-0.0130,0.6268,0.3732
 PLTR,2/18/25,124.62,0.5174,0.4826,0.02350215,80.31444172,6.8774,5.7479,0.68276,-0.0143,0.6324,0.3676
 PLTR,2/19/25,112.06,0.5182,0.4818,0.02574488,96.31360585,6.8817,5.7539,0.68307,-0.0157,0.6377,0.3623
 PLTR,2/20/25,106.27,0.5171,0.4829,0.02264277,74.56619725,6.8757,5.7457,0.68265,-0.0138,0.4723,0.5277
 PLTR,2/21/25,101.35,0.5160,0.4840,0.01979822,57.05338655,6.8702,5.7396,0.68226,-0.0120,0.3154,0.6846
 PLTR,2/24/25,90.68,0.5149,0.4851,0.01719690,43.07704632,6.8652,5.7354,0.68191,-0.0105,0.3283,0.6717
 PLTR,2/25/25,87.84,0.5138,0.4862,0.01482544,32.03683791,6.8607,5.7330,0.68158,-0.0090,0.3408,0.6592
 PLTR,2/26/25,89.31,0.5128,0.4872,0.01267140,23.41779895,6.8565,5.7324,0.68129,-0.0077,0.3531,0.6469
 PLTR,2/27/25,84.77,0.5136,0.4864,0.01430949,29.85009735,6.8597,5.7327,0.68151,-0.0087,0.4826,0.5174
 PLTR,2/28/25,84.92,0.5125,0.4875,0.01223477,21.83443113,6.8557,5.7324,0.68123,-0.0074,0.4851,0.5149
 PLTR,3/3/25,83.42,0.5133,0.4867,0.01382009,27.84703581,6.8587,5.7325,0.68145,-0.0084,0.4832,0.5168
 PLTR,3/4/25,84.4,0.5123,0.4877,0.01182038,20.38280298,6.8549,5.7326,0.68118,-0.0072,0.4857,0.5143
 PLTR,3/5/25,90.13,0.5131,0.4869,0.01335545,26.00942258,6.8578,5.7324,0.68138,-0.0081,0.4838,0.5162
 PLTR,3/6/25,80.46,0.5139,0.4861,0.01495880,32.61458202,6.8609,5.7331,0.68160,-0.0091,0.6088,0.3912
 PLTR,3/7/25,84.91,0.5129,0.4871,0.01291392,24.32110611,6.8570,5.7324,0.68132,-0.0079,0.4843,0.5157
 PLTR,3/10/25,76.38,0.5136,0.4864,0.01446778,30.51280398,6.8600,5.7328,0.68154,-0.0088,0.4824,0.5176
 JPM,9/12/24,206.6,0.4455,0.5545,0.37988549,20433.21043276,7.0627,2.2200,0.57612,-0.2240,0.5000,0.5000
 JPM,9/13/24,204.32,0.4455,0.5545,0.37988549,20433.21043276,7.0627,2.2200,0.57612,-0.2240,0.5000,0.5000
 JPM,9/16/24,207.86,0.4455,0.5545,0.37988549,20433.21043276,7.0627,2.2200,0.57612,-0.2240,0.5000,0.5000
 JPM,9/17/24,209.25,0.4434,0.5566,-0.24245332,8043.86014682,7.3079,10.6533,0.71221,-0.1513,0.7709,0.2291
 JPM,9/18/24,207.53,0.4790,0.5210,-0.03407377,168.31959595,6.8977,6.6859,0.68420,-0.0208,0.6503,0.3497
 JPM,9/19/24,210.48,0.4642,0.5358,-0.09861229,1384.72192023,7.0226,7.8522,0.69293,-0.0606,0.2967,0.7033
 JPM,9/20/24,211.09,0.4851,0.5149,-0.01719690,43.07704632,6.8652,6.3585,0.68191,-0.0105,0.4700,0.5300
 JPM,9/23/24,211.44,0.5000,0.5000,0.00000000,0.00000000,6.8321,5.8610,0.67957,0.0000,0.3058,0.6942
 JPM,9/24/24,211.59,0.5115,0.4885,0.01035724,15.65551268,6.8521,5.7337,0.68098,-0.0063,0.4838,0.5162
 JPM,9/25/24,210.19,0.5210,0.4790,0.03407377,168.31959595,6.8977,5.7817,0.68420,-0.0208,0.5898,0.4102
 JPM,9/26/24,209.78,0.5094,0.4906,0.00691796,6.99125693,6.8454,5.7414,0.68051,-0.0042,0.4898,0.5102
 JPM,9/27/24,210.5,0.5000,0.5000,0.00000000,0.00000000,6.8321,5.8610,0.67957,0.0000,0.3908,0.6092
 JPM,9/30/24,210.86,0.5080,0.4920,0.00494679,3.57672597,6.8416,5.7507,0.68024,-0.0030,0.4930,0.5070
 JPM,10/1/24,207.04,0.5149,0.4851,0.01719690,43.07704632,6.8652,5.7354,0.68191,-0.0105,0.5658,0.4342
 JPM,10/2/24,207.29,0.5069,0.4931,0.00371262,2.01535234,6.8393,5.7596,0.68008,-0.0023,0.4949,0.5051
 JPM,10/3/24,205.23,0.5130,0.4870,0.01313189,25.14753808,6.8574,5.7324,0.68135,-0.0080,0.4820,0.5180
 JPM,10/4/24,211.22,0.5061,0.4939,0.00288891,1.22055617,6.8377,5.7676,0.67996,-0.0018,0.4961,0.5039
 JPM,10/7/24,210.93,0.5115,0.4885,0.01035724,15.65551268,6.8521,5.7337,0.68098,-0.0063,0.4860,0.5140
 JPM,10/8/24,210.75,0.5054,0.4946,0.00231186,0.78178081,6.8366,5.7746,0.67988,-0.0014,0.4969,0.5031
 JPM,10/9/24,213.42,0.5000,0.5000,0.00000000,0.00000000,6.8321,5.8610,0.67957,0.0000,0.4421,0.5579
 JPM,10/10/24,212.84,0.5049,0.4951,0.00189196,0.52364546,6.8358,5.7808,0.67983,-0.0011,0.4975,0.5025
 JPM,10/11/24,222.29,0.5000,0.5000,0.00000000,0.00000000,6.8321,5.8610,0.67957,0.0000,0.5000,0.5000
 JPM,10/14/24,221.48,0.5045,0.4955,0.00157691,0.36380146,6.8352,5.7862,0.67978,-0.0010,0.4980,0.5020
 JPM,10/15/24,222.39,0.5000,0.5000,0.00000000,0.00000000,6.8321,5.8610,0.67957,0.0000,0.5000,0.5000
 JPM,10/16/24,223.64,0.5041,0.4959,0.00133449,0.26056074,6.8347,5.7910,0.67975,-0.0008,0.4983,0.5017
 JPM,10/17/24,224.42,0.5080,0.4920,0.00494679,3.57672597,6.8416,5.7507,0.68024,-0.0030,0.5365,0.4635
 JPM,10/18/24,225.37,0.5115,0.4885,0.01035724,15.65551268,6.8521,5.7337,0.68098,-0.0063,0.5689,0.4311
 JPM,10/21/24,223,0.5149,0.4851,0.01719690,43.07704632,6.8652,5.7354,0.68191,-0.0105,0.5966,0.4034
 JPM,10/22/24,224.12,0.5107,0.4893,0.00896987,11.74683584,6.8494,5.7358,0.68079,-0.0054,0.4885,0.5115
 JPM,10/23/24,223.41,0.5139,0.4861,0.01495880,32.61458202,6.8609,5.7331,0.68160,-0.0091,0.4808,0.5192
 JPM,10/24/24,224.98,0.5100,0.4900,0.00784410,8.98610270,6.8472,5.7384,0.68064,-0.0048,0.4900,0.5100
 JPM,10/25/24,222.31,0.5130,0.4870,0.01313189,25.14753808,6.8574,5.7324,0.68135,-0.0080,0.4832,0.5168
 JPM,10/28/24,225.5,0.5094,0.4906,0.00691796,6.99125693,6.8454,5.7414,0.68051,-0.0042,0.4912,0.5088
 JPM,10/29/24,222.9,0.5122,0.4878,0.01162106,19.70228448,6.8545,5.7327,0.68115,-0.0071,0.4853,0.5147
 JPM,10/30/24,224.41,0.5089,0.4911,0.00614686,5.52077155,6.8440,5.7444,0.68041,-0.0037,0.4922,0.5078
 JPM,10/31/24,221.92,0.5115,0.4885,0.01035724,15.65551268,6.8521,5.7337,0.68098,-0.0063,0.4869,0.5131
 JPM,11/1/24,222.94,0.5084,0.4916,0.00549799,4.41753168,6.8427,5.7476,0.68032,-0.0033,0.4931,0.5069
 JPM,11/4/24,219.78,0.5109,0.4891,0.00928928,12.59719317,6.8500,5.7352,0.68083,-0.0056,0.4883,0.5117
 JPM,11/5/24,221.49,0.5080,0.4920,0.00494679,3.57672597,6.8416,5.7507,0.68024,-0.0030,0.4938,0.5062
 JPM,11/6/24,247.06,0.5104,0.4896,0.00837865,10.25104337,6.8482,5.7371,0.68071,-0.0051,0.4895,0.5105
 JPM,11/7/24,236.38,0.5127,0.4873,0.01249398,22.76774704,6.8562,5.7324,0.68127,-0.0076,0.5884,0.4116
 JPM,11/8/24,236.98,0.5099,0.4901,0.00759583,8.42688006,6.8467,5.7392,0.68060,-0.0046,0.4905,0.5095
 JPM,11/11/24,239.29,0.5121,0.4879,0.01135039,18.79661507,6.8540,5.7328,0.68111,-0.0069,0.4858,0.5142
 JPM,11/12/24,239.56,0.5142,0.4858,0.01565349,35.70720015,6.8622,5.7337,0.68170,-0.0095,0.6011,0.3989
 JPM,11/13/24,241.16,0.5162,0.4838,0.02043256,60.75716635,6.8714,5.7409,0.68235,-0.0124,0.6161,0.3839
 JPM,11/14/24,241.87,0.5182,0.4818,0.02562522,95.42354563,6.8814,5.7536,0.68305,-0.0156,0.6299,0.3701
 JPM,11/15/24,245.31,0.5200,0.4800,0.03117756,141.03608513,6.8921,5.7712,0.68380,-0.0190,0.6424,0.3576
 JPM,11/18/24,245.03,0.5219,0.4781,0.03704287,198.76658311,6.9034,5.7932,0.68460,-0.0226,0.6539,0.3461
 JPM,11/19/24,243.09,0.5192,0.4808,0.02863764,119.07722476,6.8872,5.7627,0.68346,-0.0174,0.4639,0.5361
 JPM,11/20/24,240.78,0.5167,0.4833,0.02163354,68.08650427,6.8738,5.7434,0.68251,-0.0132,0.2900,0.7100
 JPM,11/21/24,244.76,0.5143,0.4857,0.01586090,36.65758907,6.8626,5.7339,0.68173,-0.0096,0.3193,0.6807
 JPM,11/22/24,248.55,0.5160,0.4840,0.01998014,58.10371348,6.8706,5.7400,0.68228,-0.0122,0.4750,0.5250
 JPM,11/25/24,250.29,0.5177,0.4823,0.02441167,86.62893164,6.8791,5.7502,0.68289,-0.0149,0.6287,0.3713
 JPM,11/26/24,249.97,0.5194,0.4806,0.02912000,123.10581405,6.8882,5.7642,0.68352,-0.0177,0.6397,0.3603
 JPM,11/27/24,249.79,0.5171,0.4829,0.02264277,74.56619725,6.8757,5.7457,0.68265,-0.0138,0.4717,0.5283
 JPM,11/29/24,249.72,0.5149,0.4851,0.01719690,43.07704632,6.8652,5.7354,0.68191,-0.0105,0.3150,0.6850
 JPM,12/2/24,246.25,0.5128,0.4872,0.01267140,23.41779895,6.8565,5.7324,0.68129,-0.0077,0.3404,0.6596
 JPM,12/3/24,244.82,0.5107,0.4893,0.00896987,11.74683584,6.8494,5.7358,0.68079,-0.0054,0.3647,0.6353
 JPM,12/4/24,243.4,0.5088,0.4912,0.00600820,5.27470193,6.8437,5.7451,0.68039,-0.0036,0.3876,0.6124
 JPM,12/5/24,245.48,0.5069,0.4931,0.00371262,2.01535234,6.8393,5.7596,0.68008,-0.0023,0.4093,0.5907
 JPM,12/6/24,247.36,0.5085,0.4915,0.00561926,4.61440351,6.8429,5.7469,0.68033,-0.0034,0.4931,0.5069
 JPM,12/9/24,243.81,0.5100,0.4900,0.00784410,8.98610270,6.8472,5.7384,0.68064,-0.0048,0.5740,0.4260
 JPM,12/10/24,242.86,0.5082,0.4918,0.00526694,4.05431734,6.8423,5.7488,0.68029,-0.0032,0.4935,0.5065
 JPM,12/11/24,243.53,0.5065,0.4935,0.00326209,1.55610106,6.8384,5.7637,0.68001,-0.0020,0.4155,0.5845
 JPM,12/12/24,241.53,0.5080,0.4920,0.00494679,3.57672597,6.8416,5.7507,0.68024,-0.0030,0.4939,0.5061
 JPM,12/13/24,239.94,0.5063,0.4937,0.00306700,1.37561238,6.8380,5.7657,0.67999,-0.0019,0.4963,0.5037
 JPM,12/16/24,239.58,0.5046,0.4954,0.00167256,0.40926416,6.8354,5.7845,0.67980,-0.0010,0.4365,0.5635
 JPM,12/17/24,238.36,0.5030,0.4970,0.00072121,0.07611727,6.8335,5.8068,0.67967,-0.0004,0.4537,0.5463
 JPM,12/18/24,230.37,0.5015,0.4985,0.00017505,0.00448499,6.8325,5.8324,0.67959,-0.0001,0.4699,0.5301
 JPM,12/19/24,232.96,0.5000,0.5000,0.00000000,0.00000000,6.8321,5.8610,0.67957,0.0000,0.4853,0.5147
 JPM,12/20/24,237.6,0.5015,0.4985,0.00016533,0.00400056,6.8325,5.8332,0.67959,-0.0001,0.4998,0.5002
 JPM,12/23/24,238.39,0.5029,0.4971,0.00064327,0.06055563,6.8334,5.8095,0.67966,-0.0004,0.5135,0.4865
 JPM,12/24/24,242.31,0.5043,0.4957,0.00140868,0.29033224,6.8348,5.7895,0.67976,-0.0009,0.5264,0.4736
 JPM,12/26/24,243.14,0.5056,0.4944,0.00243872,0.86989803,6.8368,5.7729,0.67990,-0.0015,0.5387,0.4613
 JPM,12/27/24,241.17,0.5069,0.4931,0.00371262,2.01535234,6.8393,5.7596,0.68008,-0.0023,0.5502,0.4498
 JPM,12/30/24,239.32,0.5054,0.4946,0.00231186,0.78178081,6.8366,5.7746,0.67988,-0.0014,0.4972,0.5028
 JPM,12/31/24,239.71,0.5040,0.4960,0.00126601,0.23450979,6.8346,5.7925,0.67974,-0.0008,0.4452,0.5548
 JPM,1/2/25,240,0.5053,0.4947,0.00219466,0.70454601,6.8364,5.7762,0.67987,-0.0013,0.4973,0.5027
 JPM,1/3/25,243.28,0.5066,0.4934,0.00334538,1.63653780,6.8386,5.7629,0.68003,-0.0020,0.5478,0.4522
 JPM,1/6/25,240.85,0.5078,0.4922,0.00470179,3.23144186,6.8412,5.7522,0.68021,-0.0029,0.5583,0.4417
 JPM,1/7/25,243.17,0.5064,0.4936,0.00318188,1.48054756,6.8383,5.7645,0.68000,-0.0019,0.4961,0.5039
 JPM,1/8/25,243.13,0.5076,0.4924,0.00447458,2.92685302,6.8407,5.7537,0.68018,-0.0027,0.4946,0.5054
 JPM,1/10/25,239.87,0.5062,0.4938,0.00303009,1.34271318,6.8380,5.7660,0.67998,-0.0018,0.4963,0.5037
 JPM,1/13/25,244.21,0.5049,0.4951,0.00189196,0.52364546,6.8358,5.7808,0.67983,-0.0011,0.4370,0.5630
 JPM,1/14/25,247.47,0.5061,0.4939,0.00288891,1.22055617,6.8377,5.7676,0.67996,-0.0018,0.4965,0.5035
 JPM,1/15/25,252.35,0.5072,0.4928,0.00406694,2.41814950,6.8400,5.7567,0.68012,-0.0025,0.5544,0.4456
 JPM,1/16/25,254.27,0.5083,0.4917,0.00541376,4.28331140,6.8425,5.7480,0.68031,-0.0033,0.5639,0.4361
 JPM,1/17/25,259.16,0.5094,0.4906,0.00691796,6.99125693,6.8454,5.7414,0.68051,-0.0042,0.5728,0.4272
 JPM,1/21/25,263.03,0.5105,0.4895,0.00856904,10.72165313,6.8486,5.7366,0.68073,-0.0052,0.5814,0.4186
 JPM,1/22/25,262.84,0.5115,0.4885,0.01035724,15.65551268,6.8521,5.7337,0.68098,-0.0063,0.5896,0.4104
 JPM,1/23/25,265.95,0.5103,0.4897,0.00819454,9.80599409,6.8479,5.7375,0.68068,-0.0050,0.4900,0.5100
 JPM,1/24/25,264.84,0.5113,0.4887,0.00990895,14.33141661,6.8512,5.7343,0.68092,-0.0060,0.4879,0.5121
 JPM,1/27/25,265.85,0.5100,0.4900,0.00784410,8.98610270,6.8472,5.7384,0.68064,-0.0048,0.4905,0.5095
 JPM,1/28/25,267.14,0.5110,0.4890,0.00948920,13.14451684,6.8504,5.7349,0.68086,-0.0058,0.4885,0.5115
 JPM,1/29/25,266.58,0.5120,0.4880,0.01125431,18.48023914,6.8538,5.7329,0.68110,-0.0068,0.5937,0.4063
 JPM,1/30/25,268.23,0.5108,0.4892,0.00909563,12.07808811,6.8496,5.7356,0.68081,-0.0055,0.4889,0.5111
 JPM,1/31/25,267.3,0.5118,0.4882,0.01079178,16.99463998,6.8529,5.7333,0.68104,-0.0066,0.4869,0.5131
 JPM,2/3/25,266.81,0.5106,0.4894,0.00872608,11.11773828,6.8489,5.7363,0.68076,-0.0053,0.4894,0.5106
 JPM,2/4/25,267.94,0.5094,0.4906,0.00691796,6.99125693,6.8454,5.7414,0.68051,-0.0042,0.3895,0.6105
 JPM,2/5/25,270.43,0.5104,0.4896,0.00837865,10.25104337,6.8482,5.7371,0.68071,-0.0051,0.4898,0.5102
 JPM,2/6/25,276.9,0.5113,0.4887,0.00994849,14.44584805,6.8513,5.7342,0.68092,-0.0060,0.5887,0.4113
 JPM,2/7/25,275.8,0.5122,0.4878,0.01162106,19.70228448,6.8545,5.7327,0.68115,-0.0071,0.5957,0.4043
 JPM,2/10/25,271.04,0.5111,0.4889,0.00956351,13.35089949,6.8505,5.7348,0.68087,-0.0058,0.4884,0.5116
 JPM,2/11/25,274.99,0.5100,0.4900,0.00774335,8.75700290,6.8470,5.7387,0.68062,-0.0047,0.3840,0.6160
 JPM,2/12/25,275.45,0.5109,0.4891,0.00920050,12.35784507,6.8498,5.7354,0.68082,-0.0056,0.4888,0.5112
 JPM,2/13/25,276.32,0.5118,0.4882,0.01075453,16.87770265,6.8528,5.7333,0.68103,-0.0065,0.5925,0.4075
 JPM,2/14/25,276.59,0.5126,0.4874,0.01239999,22.42706863,6.8560,5.7324,0.68126,-0.0075,0.5990,0.4010
 JPM,2/18/25,279.95,0.5135,0.4865,0.01413175,29.11462702,6.8593,5.7327,0.68149,-0.0086,0.6053,0.3947
 JPM,2/19/25,279.25,0.5143,0.4857,0.01594502,37.04660121,6.8628,5.7340,0.68174,-0.0097,0.6114,0.3886
 JPM,2/20/25,266.8,0.5132,0.4868,0.01361803,27.04021455,6.8583,5.7325,0.68142,-0.0083,0.4834,0.5166
 JPM,2/21/25,264.24,0.5122,0.4878,0.01151582,19.34762130,6.8543,5.7327,0.68114,-0.0070,0.3597,0.6403
 JPM,2/24/25,261.34,0.5111,0.4889,0.00962610,13.52599038,6.8506,5.7347,0.68088,-0.0058,0.3718,0.6282
 JPM,2/25/25,257.4,0.5101,0.4899,0.00793740,9.20091699,6.8474,5.7382,0.68065,-0.0048,0.3836,0.6164
 JPM,2/26/25,258.79,0.5091,0.4909,0.00643901,6.05753601,6.8445,5.7432,0.68045,-0.0039,0.3951,0.6049
 JPM,2/27/25,259.05,0.5099,0.4901,0.00766236,8.57497041,6.8469,5.7390,0.68061,-0.0047,0.4907,0.5093
 JPM,2/28/25,264.65,0.5107,0.4893,0.00896987,11.74683584,6.8494,5.7358,0.68079,-0.0054,0.5852,0.4148
 JPM,3/3/25,260.62,0.5115,0.4885,0.01035724,15.65551268,6.8521,5.7337,0.68098,-0.0063,0.5914,0.4086
 JPM,3/4/25,250.25,0.5105,0.4895,0.00866669,10.96709500,6.8488,5.7364,0.68075,-0.0053,0.4895,0.5105
 JPM,3/5/25,251.53,0.5096,0.4904,0.00715354,7.47502194,6.8459,5.7406,0.68054,-0.0043,0.3900,0.6100
 JPM,3/6/25,246.54,0.5104,0.4896,0.00837865,10.25104337,6.8482,5.7371,0.68071,-0.0051,0.4899,0.5101
 JPM,3/7/25,242.28,0.5094,0.4906,0.00691796,6.99125693,6.8454,5.7414,0.68051,-0.0042,0.4916,0.5084
 JPM,3/10/25,232.22,0.5085,0.4915,0.00561926,4.61440351,6.8429,5.7469,0.68033,-0.0034,0.4025,0.5975
